{"cameraMode":{"drawMode":0,"name":"Shaded","section":"Shading Mode"},"sceneLighting":true,"audioPlay":false,"sceneViewState":{"m_AlwaysRefresh":false,"showFog":true,"showSkybox":true,"showFlares":true,"showImageEffects":true,"showParticleSystems":true,"showVisualEffectGraphs":true,"m_FxEnabled":true},"in2DMode":false,"pivot":{"x":0.3023148775100708,"y":1.5295871496200562,"z":-4.682902812957764},"rotation":{"x":-0.10359255224466324,"y":-0.024765482172369958,"z":0.0025830043014138939,"w":-0.9943166375160217},"size":9.343917846679688,"orthographic":false}