{"cameraMode":{"drawMode":0,"name":"Shaded","section":"Shading Mode"},"sceneLighting":true,"audioPlay":false,"sceneViewState":{"m_AlwaysRefresh":false,"showFog":true,"showSkybox":true,"showFlares":true,"showImageEffects":true,"showParticleSystems":true,"showVisualEffectGraphs":true,"m_FxEnabled":true},"in2DMode":false,"pivot":{"x":7.623725891113281,"y":3.2003884315490724,"z":-3.2136175632476808},"rotation":{"x":0.004183000884950161,"y":-0.057870086282491687,"z":-0.00024088589998427778,"w":-0.9983219504356384},"size":22.0242977142334,"orthographic":false}